concept_id,role,label_pt,label_en,default_enabled,taxonomy_group,triggers,en_synonyms,pt_terms,pubmed_filters,automatic_flags,reviewer_decision,reviewer_notes
population.adults,population,Adultos,Adults,no,,adulto | adultos | adulta | adultas | adult | adults,adult | adults,adultos,,info:no_taxonomy_axis,,
population.older_adults,population,Idosos,Older adults,yes,,idoso | idosos | idosa | idosas | pessoa idosa | pessoas idosas | terceira idade | older adult | older adults | elderly | older people | older persons | aged population,older adults | older adult | elderly | older people | older persons,idosos | pessoa idosa,,info:no_taxonomy_axis,,
population.children,population,Crianças,Children,yes,,crianca | criancas | infantil | infancia | pediatria | pediatrico | escolares | child | children | childhood | pediatric | paediatric | kids | schoolchildren,child | children | childhood | pediatric | paediatric | schoolchildren,crianças | infância,,info:no_taxonomy_axis,,
population.adolescents,population,Adolescentes,Adolescents,yes,,adolescente | adolescentes | adolescencia | jovens | adolescent | adolescents | adolescence | teenager | teenagers | youth,adolescent* | teenager* | youth,adolescentes | jovens,,info:no_taxonomy_axis | info:truncation,,
population.women,population,Mulheres,Women,yes,,mulher | mulheres | women | woman,women | woman,mulheres,,info:no_taxonomy_axis,,
population.pregnancy,population,Gestação,Pregnancy,yes,,gestante | gestantes | gravidez | gestacao | gravida | gravidas | pre natal | pregnancy | pregnant | prenatal | antenatal,pregnan* | prenatal | antenatal | gestational,gestantes | gravidez | gestação,,info:no_taxonomy_axis | info:truncation,,
condition.type2_diabetes,population,Diabetes tipo 2,Type 2 diabetes,yes,condition.diabetes,diabetes tipo 2 | diabetes tipo ii | diabetes mellitus tipo 2 | dm2 | dm tipo 2 | type 2 diabetes | type ii diabetes | type 2 diabetes mellitus | t2d | t2dm,type 2 diabetes | type 2 diabetes mellitus | T2DM | T2D,diabetes tipo 2 | diabetes mellitus tipo 2,,info:short_acronym,,
condition.diabetes,population,Diabetes,Diabetes,yes,condition.diabetes,diabetes | diabetico | diabeticos | diabetica | diabeticas | diabetes mellitus | diabetic | diabetics,diabetes | diabetic*,diabetes | diabéticos,,info:truncation,,
condition.prediabetes,population,Pré-diabetes,Prediabetes,yes,condition.diabetes,pre diabetes | prediabetes | intolerancia a glicose | glicemia de jejum alterada | impaired glucose tolerance | impaired fasting glucose | prediabetic,prediabet* | pre-diabetes | impaired glucose tolerance | impaired fasting glucose,pré-diabetes | intolerância à glicose,,info:truncation,,
condition.obesity,population,Obesidade,Obesity,yes,condition.obesity,obesidade | obeso | obesos | obesa | obesas | obesity | obese,obesity | obese,obesidade,,,,
condition.overweight,population,Sobrepeso,Overweight,yes,condition.obesity,sobrepeso | excesso de peso | overweight | excess weight,overweight | excess weight,sobrepeso | excesso de peso,,,,
condition.hypertension,population,Hipertensão,Hypertension,yes,condition.hypertension,hipertensao | hipertensao arterial | hipertensos | hipertenso | pressao alta | has | hypertension | hypertensive | high blood pressure,hypertension | hypertensive | high blood pressure,hipertensão | hipertensão arterial,,,,
condition.dyslipidemia,population,Dislipidemia,Dyslipidaemia,yes,condition.dyslipidemia,dislipidemia | dislipidemias | colesterol alto | hipercolesterolemia | hiperlipidemia | dyslipidemia | dyslipidaemia | hypercholesterolemia | hypercholesterolaemia | hyperlipidemia,dyslipidemia* | dyslipidaemia* | hypercholesterolemia | hypercholesterolaemia | hyperlipidemia*,dislipidemia | hipercolesterolemia,,info:truncation,,
condition.cardiovascular,population,Doença e risco cardiovascular,Cardiovascular disease and risk,yes,condition.cardiovascular,doenca cardiovascular | doencas cardiovasculares | risco cardiovascular | dcv | doenca cardiaca | doenca coronariana | cardiovascular disease | cardiovascular diseases | cardiovascular risk | heart disease | coronary heart disease | cvd,cardiovascular disease | cardiovascular diseases | cardiovascular risk | coronary heart disease | heart disease,doença cardiovascular | risco cardiovascular,,,,
condition.metabolic_syndrome,population,Síndrome metabólica,Metabolic syndrome,yes,condition.metabolic_syndrome,sindrome metabolica | metabolic syndrome,metabolic syndrome,síndrome metabólica,,,,
condition.fatty_liver,population,Doença hepática esteatótica (MASLD/DHGNA),Steatotic liver disease (MASLD/NAFLD),yes,condition.fatty_liver,esteatose hepatica | figado gorduroso | doenca hepatica gordurosa | dhgna | masld | nafld | fatty liver | non alcoholic fatty liver disease | nonalcoholic fatty liver disease | steatotic liver disease,MASLD | NAFLD | fatty liver | non-alcoholic fatty liver disease | nonalcoholic fatty liver disease | metabolic dysfunction-associated steatotic liver disease,esteatose hepática | doença hepática gordurosa,,,,
condition.chronic_kidney_disease,population,Doença renal crônica,Chronic kidney disease,yes,condition.ckm_cardiorenal,doenca renal cronica | drc | insuficiencia renal | chronic kidney disease | ckd | renal insufficiency,chronic kidney disease | CKD | renal insufficiency,doença renal crônica,,info:short_acronym,,
condition.ckm,population,Síndrome cardiovascular-renal-metabólica,Cardiovascular-kidney-metabolic syndrome,yes,condition.ckm_cardiorenal,sindrome cardiovascular renal metabolica | cardiorrenal | cardiovascular kidney metabolic | cardio kidney metabolic | ckm | cardiorenal,cardiovascular-kidney-metabolic | cardio-kidney-metabolic | cardiorenal,cardiorrenal metabólica,,,,
condition.cancer,population,Câncer,Cancer,yes,,cancer | neoplasia | neoplasias | tumor | tumores | oncologia | neoplasm | neoplasms | oncology,cancer | neoplasm* | tumor*,câncer | neoplasias,,info:no_taxonomy_axis | info:truncation,,
condition.depression,population,Depressão,Depression,yes,,depressao | depressivos | sintomas depressivos | depression | depressive symptoms | depressive,depression | depressive,depressão,,info:no_taxonomy_axis,,
condition.mental_health,outcome,Saúde mental e bem-estar,Mental health and well-being,yes,,saude mental | bem estar | mental health | well being | wellbeing | psychological well being,mental health | well-being | wellbeing,saúde mental | bem-estar,,info:no_taxonomy_axis,,
lifestyle.medicine,intervention,Medicina do Estilo de Vida,Lifestyle Medicine,yes,domain.lifestyle_medicine.nutrition,medicina do estilo de vida | mev | lifestyle medicine,lifestyle medicine,medicina do estilo de vida,,,,
lifestyle.intervention,intervention,Intervenção no estilo de vida,Lifestyle intervention,yes,domain.lifestyle_medicine.nutrition,estilo de vida | mudanca de estilo de vida | mudancas no estilo de vida | intervencao no estilo de vida | intervencoes no estilo de vida | estilo de vida saudavel | lifestyle | lifestyle intervention | lifestyle interventions | lifestyle modification | lifestyle change | lifestyle changes | therapeutic lifestyle change | therapeutic lifestyle changes | healthy lifestyle,lifestyle intervention | lifestyle interventions | lifestyle modification | lifestyle change | therapeutic lifestyle change | healthy lifestyle,estilo de vida | intervenção no estilo de vida | mudança de estilo de vida,,,,
lifestyle.nutrition,intervention,Nutrição do Estilo de Vida (NEV),Lifestyle nutrition,yes,domain.lifestyle_medicine.nutrition,nutricao do estilo de vida | nev | lifestyle nutrition | cuidado nutricional | nutrition care,lifestyle nutrition | nutrition care | nutrition intervention | dietary intervention,nutrição do estilo de vida | cuidado nutricional,,,,
lifestyle.nutrition_counseling,intervention,Aconselhamento e terapia nutricional,Nutrition counselling and therapy,yes,context.care_delivery.personalized_nutrition,aconselhamento nutricional | orientacao nutricional | terapia nutricional | acompanhamento nutricional | nutricionista | nutricionistas | nutrition counseling | nutrition counselling | dietary counseling | dietary counselling | medical nutrition therapy | dietitian | dietitians | dietician,nutrition counseling | nutrition counselling | dietary counseling | dietary counselling | medical nutrition therapy | dietitian*,aconselhamento nutricional | terapia nutricional | nutricionista,,info:truncation,,
lifestyle.physical_activity,intervention,Atividade física e exercício,Physical activity and exercise,yes,domain.lifestyle_medicine.physical_activity,atividade fisica | atividades fisicas | exercicio | exercicios | exercicio fisico | treinamento fisico | treino | musculacao | physical activity | exercise | exercise training | aerobic exercise | resistance training | strength training,physical activity | exercise | exercise training | aerobic training | resistance training,atividade física | exercício físico,,,,
lifestyle.sedentary,intervention,Comportamento sedentário,Sedentary behaviour,yes,domain.lifestyle_medicine.physical_activity,sedentarismo | comportamento sedentario | tempo sentado | tempo de tela | sedentary | sedentary behavior | sedentary behaviour | sitting time | screen time,sedentary behavior | sedentary behaviour | sitting time | screen time,comportamento sedentário | sedentarismo,,,,
lifestyle.sleep,intervention,Sono,Sleep,yes,domain.lifestyle_medicine.sleep_stress_social,sono | qualidade do sono | duracao do sono | insonia | sleep | sleep quality | sleep duration | insomnia,sleep | sleep quality | sleep duration | insomnia,sono | qualidade do sono,,,,
lifestyle.stress,intervention,Estresse e seu manejo,Stress and stress management,yes,domain.lifestyle_medicine.sleep_stress_social,estresse | stress | manejo do estresse | gerenciamento do estresse | stress management | psychological stress | stress reduction,stress management | psychological stress | stress reduction,estresse | manejo do estresse,,,,
lifestyle.mindfulness,intervention,Mindfulness e meditação,Mindfulness and meditation,yes,domain.lifestyle_medicine.sleep_stress_social,mindfulness | atencao plena | meditacao | meditation,mindfulness | meditation,mindfulness | atenção plena | meditação,,,,
lifestyle.social_connection,intervention,Conexão e apoio social,Social connection and support,yes,domain.lifestyle_medicine.sleep_stress_social,conexao social | conexoes sociais | apoio social | suporte social | isolamento social | solidao | relacionamentos | social connection | social connectedness | social support | social isolation | loneliness,social support | social connection | social connectedness | social isolation | loneliness,apoio social | isolamento social,,,,
lifestyle.tobacco,intervention,Tabagismo e cessação,Tobacco and smoking cessation,yes,domain.lifestyle_medicine.substance_risk_reduction,tabagismo | tabaco | cigarro | fumar | parar de fumar | cessacao do tabagismo | fumantes | smoking | tobacco | smoking cessation | smokers | cigarette,smoking cessation | smoking | tobacco,tabagismo | cessação do tabagismo,,,,
lifestyle.alcohol,intervention,Consumo de álcool,Alcohol consumption,yes,domain.lifestyle_medicine.substance_risk_reduction,alcool | consumo de alcool | bebida alcoolica | bebidas alcoolicas | alcohol | alcohol consumption | alcohol intake | alcohol use | drinking,alcohol consumption | alcohol intake | alcohol use,consumo de álcool,,,,
diet.mediterranean,intervention,Dieta mediterrânea,Mediterranean diet,yes,domain.dietary_patterns.mediterranean,dieta mediterranea | padrao mediterraneo | padrao alimentar mediterraneo | alimentacao mediterranea | mediterranean diet | mediterranean dietary pattern | mediterranean style diet | medditerranean diet,mediterranean diet | mediterranean dietary pattern | mediterranean-style diet,dieta mediterrânea | padrão alimentar mediterrâneo,,,,
diet.dash,intervention,Dieta DASH,DASH diet,yes,domain.dietary_patterns.dash,dieta dash | dash | padrao dash | dash diet | dietary approaches to stop hypertension,DASH diet | dietary approaches to stop hypertension,dieta DASH,,,,
diet.mind,intervention,Dieta MIND,MIND diet,yes,domain.dietary_patterns.mind,dieta mind | mind diet | mediterranean dash intervention for neurodegenerative delay,MIND diet | Mediterranean-DASH Intervention for Neurodegenerative Delay,dieta MIND,,,,
diet.plant_based,intervention,Alimentação baseada em plantas,Plant-based diet,yes,domain.dietary_patterns.plant_based,dieta baseada em plantas | alimentacao baseada em plantas | alimentacao a base de plantas | dieta a base de plantas | plant based | plant based diet | plant based diets | plant based eating | plant based dietary pattern,plant-based diet | plant-based diets | plant-based dietary pattern | plant-based eating | plant-based nutrition,alimentação baseada em plantas | dieta à base de plantas,,,,
diet.vegetarian,intervention,Dietas vegetarianas e veganas,Vegetarian and vegan diets,yes,domain.dietary_patterns.plant_based,vegetariana | vegetariano | vegetarianas | vegetarianos | vegetarianismo | vegana | vegano | veganas | veganos | veganismo | vegetarian | vegetarians | vegan | vegans | veganism,vegetarian* | vegan*,vegetariana | vegana,,info:truncation,,
diet.dietary_pattern,intervention,Padrões alimentares,Dietary patterns,yes,domain.dietary_patterns.general,padrao alimentar | padroes alimentares | padrao de alimentacao | dietary pattern | dietary patterns | eating pattern | eating patterns | diet pattern,dietary pattern | dietary patterns | eating pattern | eating patterns,padrão alimentar | padrões alimentares,,,,
diet.healthy_eating,intervention,Alimentação saudável,Healthy eating,yes,domain.dietary_patterns.general,alimentacao saudavel | dieta saudavel | habitos alimentares | alimentacao | dieta | dietas | healthy diet | healthy eating | healthy dietary pattern | eating habits | dietary habits | diet | diets | nutrition | nutricao,healthy diet | healthy eating | diet | eating habits | dietary habits,alimentação saudável | hábitos alimentares,,warn:broad_single_word,,
diet.guidelines,intervention,Guias alimentares,Dietary guidelines,yes,domain.dietary_patterns.guidelines,guia alimentar | guias alimentares | diretrizes alimentares | guia alimentar para a populacao brasileira | dietary guideline | dietary guidelines | food based dietary guidelines | food based dietary guideline,dietary guidelines | dietary guideline | food-based dietary guidelines,guia alimentar | guias alimentares,,,,
diet.ultra_processed,intervention,Alimentos ultraprocessados,Ultra-processed foods,yes,domain.dietary_patterns.processing,ultraprocessados | ultraprocessado | ultra processados | alimentos ultraprocessados | processamento de alimentos | classificacao nova | ultra processed | ultraprocessed | ultra processed food | ultra processed foods | ultraprocessed food | ultraprocessed foods | food processing | nova classification,ultra-processed food | ultra-processed foods | ultraprocessed food | ultraprocessed foods | NOVA classification | food processing,ultraprocessados | alimentos ultraprocessados,,,,
diet.low_carbohydrate,intervention,Dieta com restrição de carboidratos,Low-carbohydrate diet,yes,domain.nutrition_composition.carbohydrates,low carb | dieta low carb | baixo carboidrato | restricao de carboidratos | dieta pobre em carboidratos | low carbohydrate | low carbohydrate diet | carbohydrate restricted diet | carbohydrate restriction,low-carbohydrate diet | low carbohydrate diet | carbohydrate-restricted diet | low-carb,dieta low carb | restrição de carboidratos,,,,
diet.ketogenic,intervention,Dieta cetogênica,Ketogenic diet,yes,domain.nutrition_composition.carbohydrates,dieta cetogenica | cetogenica | keto | ketogenic | ketogenic diet,ketogenic diet | very low-carbohydrate ketogenic diet,dieta cetogênica,,,,
diet.intermittent_fasting,intervention,Jejum intermitente,Intermittent fasting,yes,domain.dietary_patterns.chrononutrition,jejum intermitente | jejum | alimentacao com restricao de tempo | restricao alimentar por tempo | intermittent fasting | fasting | time restricted eating | time restricted feeding | alternate day fasting,intermittent fasting | time-restricted eating | time-restricted feeding | alternate-day fasting,jejum intermitente,,,,
diet.chrononutrition,intervention,Crononutrição e horário das refeições,Chrononutrition and meal timing,yes,domain.dietary_patterns.chrononutrition,crononutricao | horario das refeicoes | horario de refeicoes | cafe da manha | chrononutrition | meal timing | timing of meals | breakfast skipping,chrononutrition | meal timing | timing of meals | breakfast skipping,crononutrição | horário das refeições,,,,
diet.calorie_restriction,intervention,Restrição calórica,Caloric restriction,yes,domain.nutrition_composition.energy,restricao calorica | restricao energetica | dieta hipocalorica | deficit calorico | caloric restriction | calorie restriction | energy restriction | low calorie diet | very low calorie diet,caloric restriction | calorie restriction | energy restriction | low-calorie diet | very low-calorie diet,restrição calórica | dieta hipocalórica,,,,
diet.nordic_portfolio,intervention,Dietas nórdica e Portfolio,Nordic and Portfolio diets,yes,domain.dietary_patterns.portfolio_nordic,dieta nordica | dieta portfolio | nordic diet | portfolio diet,Nordic diet | portfolio diet,dieta nórdica,,,,
diet.sustainable,intervention,Dietas sustentáveis,Sustainable diets,yes,domain.dietary_patterns.sustainable,dieta sustentavel | alimentacao sustentavel | dieta da saude planetaria | eat lancet | sustainable diet | sustainable diets | planetary health diet,sustainable diet | sustainable diets | planetary health diet | EAT-Lancet,alimentação sustentável | dieta sustentável,,,,
food.fruits_vegetables,intervention,Frutas e hortaliças,Fruits and vegetables,yes,domain.nutrition_composition.food_groups,frutas e verduras | frutas e hortalicas | frutas e vegetais | frutas | fruta | hortalicas | verduras | vegetais | fruit | fruits | vegetables | fruits and vegetables | fruit and vegetable | produce intake,fruit* | vegetable*,frutas | hortaliças | verduras,,info:truncation,,
food.whole_grains,intervention,Grãos integrais,Whole grains,yes,domain.nutrition_composition.carbohydrates,graos integrais | cereais integrais | integrais | whole grain | whole grains | wholegrain | wholegrains,whole grain | whole grains | wholegrain | whole-grain,grãos integrais | cereais integrais,,,,
food.legumes,intervention,Leguminosas,Legumes and pulses,yes,domain.nutrition_composition.food_groups,leguminosas | feijao | feijoes | lentilha | lentilhas | grao de bico | legumes | pulses | beans | lentils | chickpeas,legume* | pulses | beans | lentils | chickpeas,leguminosas | feijão,,info:truncation,,
food.nuts,intervention,Oleaginosas,Nuts,yes,domain.nutrition_composition.food_groups,oleaginosas | castanhas | castanha | nozes | amendoas | amendoim | nuts | tree nuts | almonds | walnuts | peanuts,nuts | tree nuts | almonds | walnuts | peanuts,oleaginosas | castanhas,,,,
food.olive_oil,intervention,Azeite de oliva,Olive oil,yes,domain.nutrition_composition.fats,azeite | azeite de oliva | olive oil | extra virgin olive oil | evoo,olive oil | extra virgin olive oil,azeite de oliva,,,,
food.sugar_sweetened_beverages,intervention,Bebidas açucaradas,Sugar-sweetened beverages,yes,domain.dietary_patterns.processing,bebidas acucaradas | bebida acucarada | refrigerante | refrigerantes | sugar sweetened beverages | sugar sweetened beverage | sugary drinks | soft drinks | soda,sugar-sweetened beverages | sugar-sweetened beverage | sugary drinks | soft drinks,bebidas açucaradas | refrigerantes,,,,
nutrient.sugar,intervention,Açúcar adicionado,Added sugar,yes,domain.nutrition_composition.carbohydrates,acucar | acucares | acucar adicionado | acucares livres | added sugar | added sugars | free sugars | sugar intake | sugar,added sugar | added sugars | free sugars | sugar intake,açúcar adicionado | açúcares livres,,,,
nutrient.sodium,intervention,Sódio e sal,Sodium and salt,yes,domain.nutrition_composition.food_matrix_micronutrients,sodio | sal | consumo de sal | reducao de sal | sodium | salt | salt intake | sodium intake | salt reduction,sodium | salt intake | dietary salt | salt reduction,sódio | consumo de sal,,,,
nutrient.fiber,intervention,Fibras alimentares,Dietary fibre,yes,domain.nutrition_composition.carbohydrates,fibra | fibras | fibra alimentar | fibras alimentares | fibra dietetica | dietary fiber | dietary fibre | fiber | fibre | fiber intake,dietary fiber | dietary fibre | fiber intake | fibre intake,fibras alimentares | fibra alimentar,,,,
nutrient.protein,intervention,Proteínas,Protein,yes,domain.nutrition_composition.proteins,proteina | proteinas | proteina vegetal | proteina animal | protein | proteins | dietary protein | plant protein | protein intake,protein intake | dietary protein | plant protein | animal protein,proteínas | proteína vegetal,,,,
food.red_processed_meat,intervention,Carne vermelha e processada,Red and processed meat,yes,domain.nutrition_composition.food_groups,carne vermelha | carnes vermelhas | carne processada | carnes processadas | red meat | processed meat | processed meats,red meat | processed meat,carne vermelha | carne processada,,,,
food.dairy,intervention,Laticínios,Dairy,yes,domain.nutrition_composition.food_groups,laticinios | leite | iogurte | queijo | dairy | milk | yogurt | yoghurt | cheese,dairy | milk | yogurt | yoghurt,laticínios | leite,,,,
nutrient.fats,intervention,Gorduras e qualidade lipídica,Dietary fats,yes,domain.nutrition_composition.fats,gordura | gorduras | gordura saturada | gorduras saturadas | acidos graxos | dietary fat | saturated fat | saturated fats | unsaturated fat | fatty acids | fats,dietary fat | saturated fat | unsaturated fat | fatty acids,gorduras | ácidos graxos,,,,
nutrient.omega3,intervention,Ômega-3,Omega-3,yes,domain.nutrition_composition.fats,omega 3 | omega3 | oleo de peixe | omega 3 fatty acids | n 3 fatty acids | fish oil,omega-3 | n-3 fatty acids | fish oil,ômega-3 | óleo de peixe,,,,
nutrient.micronutrients,intervention,Micronutrientes e vitaminas,Micronutrients and vitamins,yes,domain.nutrition_composition.food_matrix_micronutrients,micronutrientes | micronutriente | vitaminas | vitamina | minerais | suplementacao | micronutrients | micronutrient | vitamins | vitamin | minerals | supplementation,micronutrient* | vitamin* | supplementation,micronutrientes | vitaminas,,info:truncation,,
behaviour.change,intervention,Mudança de comportamento,Behaviour change,yes,context.behavior_change.behavioral,mudanca de comportamento | mudanca comportamental | intervencao comportamental | comportamento alimentar | behavior change | behaviour change | behavioral intervention | behavioural intervention | eating behavior | eating behaviour,behavior change | behaviour change | behavioral intervention | behavioural intervention,mudança de comportamento | intervenção comportamental,,,,
behaviour.motivational_interviewing,intervention,Entrevista motivacional,Motivational interviewing,yes,context.behavior_change.behavioral,entrevista motivacional | motivational interviewing,motivational interviewing,entrevista motivacional,,,,
behaviour.coaching,intervention,Coaching em saúde,Health coaching,yes,context.care_delivery.personalized_nutrition,coaching | coaching em saude | health coaching | lifestyle coaching | health coach,health coaching | lifestyle coaching | coaching,coaching em saúde,,,,
behaviour.self_management,intervention,Autocuidado e autogerenciamento,Self-management,yes,context.behavior_change.maintenance_self_regulation,autocuidado | autogerenciamento | autogestao | automonitoramento | self management | self care | self monitoring | self regulation,self-management | self-care | self-monitoring | self-regulation,autocuidado | autogerenciamento,,,,
behaviour.adherence,outcome,Adesão,Adherence,yes,context.behavior_change.adherence,adesao | adesao ao tratamento | adesao a dieta | adherence | dietary adherence | compliance,adherence | compliance,adesão,,,,
care.group_care,intervention,Cuidado em grupo e consultas compartilhadas,Group care and shared medical appointments,yes,context.care_delivery.group_care,consultas compartilhadas | consulta compartilhada | atendimento em grupo | grupos educativos | grupo educativo | apoio de pares | shared medical appointments | shared medical appointment | group visits | group medical visits | group based | peer support,shared medical appointments | group medical visits | group visits | group-based intervention | peer support,atendimento em grupo | consultas compartilhadas,,,,
care.nutrition_education,intervention,Educação alimentar e nutricional,Nutrition education,yes,domain.culinary_food_literacy.culinary_practice,educacao alimentar | educacao nutricional | educacao alimentar e nutricional | ean | educacao em saude | nutrition education | health education | dietary education,nutrition education | health education | dietary education,educação alimentar e nutricional | educação nutricional,,,,
care.culinary,intervention,Culinária e habilidades culinárias,Cooking and culinary skills,yes,domain.culinary_food_literacy.culinary_practice,culinaria | habilidades culinarias | oficina culinaria | oficinas culinarias | cozinhar | cozinha | medicina culinaria | cooking | cooking skills | culinary | culinary skills | culinary medicine | teaching kitchen | cooking classes,cooking skills | cooking | culinary skills | culinary medicine | teaching kitchen,habilidades culinárias | culinária,,,,
care.food_literacy,intervention,Letramento alimentar,Food literacy,yes,domain.culinary_food_literacy.instruments,letramento alimentar | literacia alimentar | letramento nutricional | literacia nutricional | food literacy | nutrition literacy | food skills,food literacy | nutrition literacy | food skills,letramento alimentar | literacia alimentar,,,,
care.personalized_nutrition,intervention,Nutrição personalizada e de precisão,Personalised and precision nutrition,yes,context.care_delivery.personalized_nutrition,nutricao personalizada | nutricao de precisao | personalized nutrition | personalised nutrition | precision nutrition,personalized nutrition | personalised nutrition | precision nutrition,nutrição personalizada | nutrição de precisão,,,,
care.diabetes_prevention_program,intervention,Programa de prevenção do diabetes,Diabetes prevention programme,yes,context.implementation.diabetes_prevention_translation,programa de prevencao do diabetes | prevencao do diabetes | dpp | diabetes prevention program | diabetes prevention programme | diabetes prevention,diabetes prevention program | diabetes prevention programme | diabetes prevention,prevenção do diabetes,,,,
care.digital_health,intervention,Saúde digital e telessaúde,Digital health and telehealth,yes,,telessaude | telemedicina | teleconsulta | saude digital | aplicativo | aplicativos | mhealth | ehealth | telehealth | telemedicine | digital health | mobile health | smartphone | mobile app | web based,telehealth | telemedicine | mHealth | mobile health | digital health | smartphone application | web-based,telessaúde | saúde digital,,info:no_taxonomy_axis,,
access.food_insecurity,context,(In)segurança alimentar,Food (in)security,yes,context.food_access.food_environment,inseguranca alimentar | seguranca alimentar | fome | food insecurity | food security | food insecure | hunger,food insecurity | food security | food insecure | hunger,insegurança alimentar | segurança alimentar,,,,
access.food_is_medicine,intervention,Food is Medicine,Food is Medicine,yes,context.food_access.food_as_medicine,comida como remedio | alimento como remedio | alimento como medicamento | food is medicine | food as medicine | medically tailored meals | medically tailored meal | food pharmacy,food is medicine | food as medicine | medically tailored meals | food pharmacy,alimento como medicamento,,,,
access.produce_prescription,intervention,Prescrição de frutas e hortaliças,Produce prescription,yes,context.food_access.food_as_medicine,prescricao de frutas e verduras | prescricao de alimentos | receita de frutas | produce prescription | produce prescriptions | fruit and vegetable prescription | food prescription,produce prescription | produce prescriptions | fruit and vegetable prescription | food prescription,prescrição de alimentos,,,,
access.food_environment,context,Ambiente alimentar,Food environment,yes,context.food_access.food_environment,ambiente alimentar | desertos alimentares | deserto alimentar | pantanos alimentares | food environment | food environments | food desert | food deserts | food swamp | food swamps | food retail,food environment | food deserts | food desert | food swamps | food retail,ambiente alimentar | desertos alimentares,,,,
access.incentives,intervention,Incentivos e subsídios alimentares,Food incentives and subsidies,yes,context.food_access.incentives_programs,incentivos financeiros | incentivo financeiro | subsidios | subsidio | vouchers | voucher | transferencia de renda | bolsa familia | financial incentives | subsidies | nutrition incentives | cash transfer | snap,financial incentives | subsidies | vouchers | nutrition incentives | cash transfer,incentivos financeiros | subsídios | transferência de renda,,,,
access.social_prescribing,intervention,Prescrição social,Social prescribing,yes,context.food_access.social_prescribing,prescricao social | social prescribing | social prescription | community referral,social prescribing | social prescription,prescrição social,,,,
access.navigation_referral,intervention,Navegação e encaminhamento,Navigation and referral,yes,context.food_access.navigation_referral,navegacao de pacientes | encaminhamento | patient navigation | screening and referral | social needs referral | closed loop referral,patient navigation | screening and referral | social needs referral,navegação de pacientes | encaminhamento,,,,
access.social_determinants,context,Determinantes sociais da saúde,Social determinants of health,yes,context.social_environment.contextual_determinants,determinantes sociais | determinantes sociais da saude | desigualdades | iniquidades | vulnerabilidade social | social determinants | social determinants of health | health inequalities | health inequities | health disparities,social determinants of health | social determinants | health inequalities | health inequities | health disparities,determinantes sociais da saúde | desigualdades em saúde,,,,
access.low_income,context,Baixa renda,Low income,yes,context.social_environment.contextual_determinants,baixa renda | pobreza | classe baixa | low income | poverty | socioeconomically disadvantaged | deprived,low-income | low income | poverty | socioeconomically disadvantaged,baixa renda | pobreza,,,,
access.commensality,context,Comensalidade,Commensality,yes,context.social_environment.commensality,comensalidade | refeicoes em familia | refeicao em familia | comer junto | comer em companhia | commensality | family meals | family meal | shared meals | eating together,commensality | family meals | shared meals | eating together,comensalidade | refeições em família,,,,
setting.primary_care,context,Atenção primária,Primary care,yes,context.care_delivery.group_care,atencao primaria | atencao basica | aps | ubs | saude da familia | estrategia saude da familia | primary care | primary health care | general practice | family practice | family medicine,primary care | primary health care | general practice | family practice,atenção primária | atenção básica,,,,
setting.school,context,Escola,School,yes,,escola | escolas | ambiente escolar | alimentacao escolar | school | schools | school based | school meals,school*,escola | alimentação escolar,,info:no_taxonomy_axis | info:truncation,,
setting.workplace,context,Local de trabalho,Workplace,yes,,local de trabalho | ambiente de trabalho | trabalhadores | workplace | worksite | employees | workers,workplace | worksite | employee*,local de trabalho | trabalhadores,,info:no_taxonomy_axis | info:truncation,,
setting.community,context,Comunidade,Community,yes,,comunidade | comunitario | comunitaria | base comunitaria | community | community based,community-based | community intervention,comunidade | intervenção comunitária,,info:no_taxonomy_axis,,
setting.implementation,context,Implementação,Implementation,yes,context.implementation.diabetes_prevention_translation,implementacao | ciencia da implementacao | implementation | implementation science | scale up | translation,implementation | implementation science | scale-up,implementação,,,,
setting.brazil,context,Brasil,Brazil,yes,,brasil | brasileiro | brasileiros | brasileira | brasileiras | brazil | brazilian | brazilians,Brazil | Brazilian,Brasil | brasileiros,,info:no_taxonomy_axis,,
setting.latin_america,context,América Latina,Latin America,yes,,america latina | latino americano | latino americanos | latin america | latin american,Latin America | Latin American,América Latina,,info:no_taxonomy_axis,,
outcome.glycemic_control,outcome,Controle glicêmico,Glycaemic control,yes,outcome.glycemia,controle glicemico | glicemia | glicemia de jejum | hemoglobina glicada | hba1c | a1c | glicose | glycemic control | glycaemic control | blood glucose | glycated hemoglobin | glycated haemoglobin | fasting glucose | glucose,glycemic control | glycaemic control | HbA1c | glycated hemoglobin | glycated haemoglobin | blood glucose | fasting glucose,controle glicêmico | hemoglobina glicada | glicemia,,,,
outcome.insulin_resistance,outcome,Resistência à insulina,Insulin resistance,yes,outcome.glycemia,resistencia a insulina | resistencia insulinica | sensibilidade a insulina | homa | homa ir | insulin resistance | insulin sensitivity,insulin resistance | insulin sensitivity | HOMA-IR,resistência à insulina,,,,
outcome.weight,outcome,Peso e medidas corporais,Body weight and anthropometry,yes,outcome.anthropometry,perda de peso | peso corporal | peso | emagrecimento | imc | indice de massa corporal | circunferencia da cintura | adiposidade | gordura corporal | weight loss | body weight | weight | bmi | body mass index | waist circumference | adiposity | body fat,weight loss | body weight | body mass index | BMI | waist circumference | adiposity,perda de peso | peso corporal | índice de massa corporal,,info:short_acronym,,
outcome.blood_pressure,outcome,Pressão arterial,Blood pressure,yes,outcome.blood_pressure,pressao arterial | pressao sanguinea | pressao sistolica | pressao diastolica | blood pressure | systolic blood pressure | diastolic blood pressure | systolic | diastolic,blood pressure | systolic blood pressure | diastolic blood pressure,pressão arterial,,,,
outcome.lipids,outcome,Lipídios e colesterol,Lipids and cholesterol,yes,outcome.lipids,colesterol | ldl | hdl | triglicerideos | triglicerides | perfil lipidico | lipidios | cholesterol | triglycerides | lipid profile | lipids | ldl cholesterol,cholesterol | LDL | HDL | triglyceride* | lipid profile,colesterol | perfil lipídico,,info:short_acronym | info:truncation,,
outcome.inflammation,outcome,Inflamação,Inflammation,yes,outcome.inflammation,inflamacao | marcadores inflamatorios | proteina c reativa | pcr | inflammation | inflammatory markers | c reactive protein | crp,inflammation | inflammatory markers | C-reactive protein | CRP,inflamação | proteína C reativa,,info:short_acronym,,
outcome.remission,outcome,Remissão,Remission,yes,domain.dietary_patterns.remission_maintenance,remissao | remissao do diabetes | reversao do diabetes | remission | diabetes remission | diabetes reversal,remission | diabetes remission | diabetes reversal,remissão,,,,
outcome.quality_of_life,outcome,Qualidade de vida,Quality of life,yes,,qualidade de vida | quality of life | qol | hrqol | health related quality of life,quality of life | health-related quality of life,qualidade de vida,,info:no_taxonomy_axis,,
outcome.mortality,outcome,Mortalidade,Mortality,yes,outcome.cardiometabolic,mortalidade | morte | obito | sobrevida | mortality | death | survival | all cause mortality,mortality | all-cause mortality | death | survival,mortalidade,,,,
outcome.cardiovascular_events,outcome,Eventos cardiovasculares,Cardiovascular events,yes,outcome.cardiometabolic,eventos cardiovasculares | infarto | infarto do miocardio | avc | acidente vascular cerebral | cardiovascular events | myocardial infarction | stroke | mace,cardiovascular events | myocardial infarction | stroke | major adverse cardiovascular events,eventos cardiovasculares | infarto | AVC,,,,
outcome.diet_quality,outcome,Qualidade da dieta,Diet quality,yes,domain.dietary_patterns.diet_quality_indices,qualidade da dieta | qualidade alimentar | indice de alimentacao saudavel | diet quality | dietary quality | healthy eating index | hei | ahei,diet quality | dietary quality | healthy eating index,qualidade da dieta,,,,
outcome.gut_microbiota,outcome,Microbiota intestinal,Gut microbiota,yes,,microbiota | microbiota intestinal | microbioma | gut microbiota | gut microbiome | intestinal microbiota | microbiome,gut microbiota | gut microbiome | intestinal microbiota,microbiota intestinal,,info:no_taxonomy_axis,,
outcome.cognition,outcome,Cognição e demência,Cognition and dementia,yes,,cognicao | declinio cognitivo | funcao cognitiva | demencia | alzheimer | cognition | cognitive decline | cognitive function | dementia,cognitive decline | cognitive function | cognition | dementia,declínio cognitivo | demência,,info:no_taxonomy_axis,,
design.systematic_review,design,Revisão sistemática / meta-análise,Systematic review / meta-analysis,yes,,revisao sistematica | revisoes sistematicas | metanalise | meta analise | metanalises | meta analises | systematic review | systematic reviews | meta analysis | metaanalysis | meta analyses,systematic review | meta-analysis,revisão sistemática | metanálise,systematic[sb] | meta-analysis[pt],,,
design.randomized_trial,design,Ensaio clínico randomizado,Randomised controlled trial,yes,,ensaio clinico randomizado | ensaios clinicos randomizados | ensaio randomizado | ensaio clinico | ensaios clinicos | ecr | randomizado | randomized controlled trial | randomised controlled trial | randomized trial | randomised trial | rct | rcts | clinical trial | clinical trials | randomized | randomised,randomized controlled trial | randomised controlled trial | randomized trial | randomised trial,ensaio clínico randomizado,randomized controlled trial[pt],,,
design.cohort,design,Estudo de coorte,Cohort study,yes,,coorte | coortes | estudo de coorte | estudo prospectivo | estudo longitudinal | cohort | cohort study | cohort studies | prospective study | longitudinal study,cohort study | cohort studies | prospective study | longitudinal study,estudo de coorte,,,,
design.cross_sectional,design,Estudo transversal,Cross-sectional study,yes,,estudo transversal | transversal | cross sectional | cross sectional study,cross-sectional,estudo transversal,,,,
design.qualitative,design,Estudo qualitativo,Qualitative study,yes,,estudo qualitativo | qualitativo | grupo focal | grupos focais | entrevistas | qualitative | qualitative study | focus group | focus groups | interviews,qualitative study | qualitative research | focus group | focus groups | interviews,estudo qualitativo | grupo focal,,,,
design.guideline,design,Diretriz / consenso,Guideline / consensus,yes,,diretriz | diretrizes | consenso | posicionamento | recomendacoes | guideline | guidelines | consensus | consensus statement | position statement | recommendations,guideline | guidelines | consensus statement | position statement,diretriz | consenso,guideline[pt] | practice guideline[pt],,,
design.scoping_review,design,Revisão de escopo / narrativa,Scoping / narrative review,yes,,revisao de escopo | scoping review | revisao narrativa | narrative review | revisao integrativa | integrative review,scoping review | narrative review | integrative review,revisão de escopo | revisão narrativa,,,,
